Turno,Refeição
Manhã,Tradicional
Manhã,Light
Manhã,Vegetariana
Manhã,Tradicional
Manhã,Tradicional
Manhã,Tradicional
Manhã,Tradicional
Manhã,Light
Manhã,Vegetariana
Manhã,Vegetariana
Manhã,Tradicional
Manhã,Light
Manhã,Vegetariana
Manhã,Tradicional
Manhã,Tradicional
Manhã,Tradicional
Manhã,Tradicional
Manhã,Tradicional
Manhã,Tradicional
Manhã,Tradicional
Manhã,Vegetariana
Manhã,Tradicional
Manhã,Tradicional
Manhã,Tradicional
Manhã,Tradicional
Manhã,Vegetariana
Manhã,Tradicional
Manhã,Tradicional
Manhã,Tradicional
Manhã,Tradicional
Manhã,Vegetariana
Manhã,Tradicional
Manhã,Tradicional
Manhã,Light
Manhã,Light
Manhã,Vegetariana
Manhã,Tradicional
Manhã,Tradicional
Manhã,Vegetariana
Manhã,Tradicional
Manhã,Tradicional
Manhã,Tradicional
Manhã,Tradicional
Manhã,Light
Manhã,Tradicional
Manhã,Vegetariana
Manhã,Tradicional
Manhã,Tradicional
Manhã,Tradicional
Manhã,Tradicional
Manhã,Light
Manhã,Vegetariana
Manhã,Light
Manhã,Light
Manhã,Tradicional
Manhã,Light
Manhã,Tradicional
Manhã,Tradicional
Manhã,Tradicional
Manhã,Tradicional
Manhã,Tradicional
Manhã,Tradicional
Manhã,Vegetariana
Manhã,Tradicional
Manhã,Tradicional
Manhã,Tradicional
Manhã,Tradicional
Manhã,Vegetariana
Manhã,Tradicional
Manhã,Light
Manhã,Vegetariana
Manhã,Tradicional
Manhã,Tradicional
Manhã,Vegetariana
Manhã,Vegetariana
Manhã,Vegetariana
Manhã,Vegetariana
Manhã,Tradicional
Manhã,Tradicional
Manhã,Tradicional
Manhã,Light
Manhã,Vegetariana
Manhã,Tradicional
Manhã,Tradicional
Manhã,Tradicional
Manhã,Tradicional
Manhã,Vegetariana
Manhã,Vegetariana
Manhã,Light
Manhã,Tradicional
Manhã,Tradicional
Manhã,Vegetariana
Manhã,Vegetariana
Manhã,Tradicional
Manhã,Vegetariana
Manhã,Tradicional
Manhã,Tradicional
Manhã,Tradicional
Manhã,Tradicional
Manhã,Tradicional
Manhã,Tradicional
Manhã,Vegetariana
Manhã,Tradicional
Manhã,Tradicional
Manhã,Light
Manhã,Tradicional
Manhã,Tradicional
Manhã,Vegetariana
Manhã,Tradicional
Manhã,Tradicional
Manhã,Tradicional
Manhã,Tradicional
Manhã,Light
Manhã,Vegetariana
Manhã,Vegetariana
Manhã,Light
Manhã,Vegetariana
Manhã,Tradicional
Manhã,Light
Manhã,Tradicional
Manhã,Vegetariana
Manhã,Light
Manhã,Tradicional
Manhã,Tradicional
Manhã,Tradicional
Manhã,Tradicional
Manhã,Vegetariana
Manhã,Light
Manhã,Tradicional
Manhã,Tradicional
Manhã,Tradicional
Manhã,Tradicional
Manhã,Tradicional
Manhã,Tradicional
Manhã,Light
Manhã,Tradicional
Manhã,Tradicional
Manhã,Vegetariana
Manhã,Tradicional
Manhã,Light
Manhã,Light
Manhã,Tradicional
Manhã,Tradicional
Manhã,Tradicional
Manhã,Tradicional
Manhã,Tradicional
Manhã,Vegetariana
Manhã,Tradicional
Manhã,Tradicional
Manhã,Tradicional
Noite,Light
Noite,Tradicional
Noite,Tradicional
Noite,Vegetariana
Noite,Light
Noite,Tradicional
Noite,Vegetariana
Noite,Vegetariana
Noite,Tradicional
Noite,Vegetariana
Noite,Tradicional
Noite,Vegetariana
Noite,Vegetariana
Noite,Vegetariana
Noite,Tradicional
Noite,Vegetariana
Noite,Tradicional
Noite,Tradicional
Noite,Tradicional
Noite,Vegetariana
Noite,Vegetariana
Noite,Tradicional
Noite,Vegetariana
Noite,Tradicional
Noite,Vegetariana
Noite,Tradicional
Noite,Vegetariana
Noite,Tradicional
Noite,Light
Noite,Tradicional
Noite,Tradicional
Noite,Tradicional
Noite,Light
Noite,Light
Noite,Tradicional
Noite,Vegetariana
Noite,Vegetariana
Noite,Vegetariana
Noite,Vegetariana
Noite,Tradicional
Noite,Tradicional
Noite,Light
Noite,Light
Noite,Vegetariana
Noite,Tradicional
Noite,Tradicional
Noite,Vegetariana
Noite,Light
Noite,Light
Noite,Vegetariana
Noite,Vegetariana
Noite,Tradicional
Noite,Tradicional
Noite,Light
Noite,Vegetariana
Noite,Tradicional
Noite,Tradicional
Noite,Vegetariana
Noite,Tradicional
Noite,Tradicional
Noite,Vegetariana
Noite,Vegetariana
Noite,Vegetariana
Noite,Tradicional
Noite,Vegetariana
Noite,Tradicional
Noite,Tradicional
Noite,Vegetariana
Noite,Vegetariana
Noite,Vegetariana
Noite,Vegetariana
Noite,Vegetariana
Noite,Tradicional
Noite,Tradicional
Noite,Tradicional
Noite,Tradicional
Noite,Light
Noite,Tradicional
Noite,Light
Noite,Vegetariana
Noite,Vegetariana
Noite,Vegetariana
Noite,Vegetariana
Noite,Vegetariana
Noite,Tradicional
Noite,Vegetariana
Noite,Tradicional
Noite,Tradicional
Noite,Vegetariana
Noite,Tradicional
Noite,Light
Noite,Light
Noite,Light
Noite,Tradicional
Noite,Tradicional
Noite,Light
Noite,Vegetariana
Noite,Light
Noite,Light
Noite,Light
Noite,Tradicional
Noite,Tradicional
Noite,Light
Noite,Tradicional
Noite,Tradicional
Noite,Vegetariana
Noite,Light
Noite,Vegetariana
Noite,Vegetariana
Noite,Tradicional
Noite,Vegetariana
Noite,Light
Noite,Tradicional
Noite,Vegetariana
Noite,Light
Noite,Vegetariana
Noite,Vegetariana
Noite,Vegetariana
Noite,Tradicional
Noite,Tradicional
Noite,Vegetariana
Noite,Vegetariana
Noite,Light
Noite,Light
Noite,Vegetariana
Noite,Vegetariana
Noite,Vegetariana
Noite,Vegetariana
Noite,Vegetariana
Noite,Vegetariana
Noite,Light
Noite,Tradicional
Noite,Tradicional
Noite,Tradicional
Noite,Vegetariana
Noite,Tradicional
Noite,Vegetariana
Noite,Vegetariana
Noite,Tradicional
Noite,Vegetariana
Noite,Tradicional
Noite,Tradicional
Noite,Vegetariana
Noite,Tradicional
Noite,Tradicional
Noite,Vegetariana
Noite,Vegetariana
Noite,Tradicional
Noite,Vegetariana
Noite,Tradicional
