Bairro,Transporte
Centro,Carro
Centro,Bicicleta
Centro,Ônibus
Centro,Ônibus
Centro,Carro
Centro,Carro
Centro,Carro
Centro,Bicicleta
Centro,Ônibus
Centro,Ônibus
Centro,Carro
Centro,Bicicleta
Centro,Ônibus
Centro,Carro
Centro,Carro
Centro,Carro
Centro,Carro
Centro,Ônibus
Centro,Carro
Centro,Carro
Centro,Ônibus
Centro,Carro
Centro,Carro
Centro,Carro
Centro,Ônibus
Centro,Ônibus
Centro,Carro
Centro,Ônibus
Centro,Ônibus
Centro,Carro
Centro,Ônibus
Centro,Carro
Centro,Carro
Centro,Bicicleta
Centro,Bicicleta
Centro,Ônibus
Centro,Carro
Centro,Carro
Centro,Ônibus
Centro,Carro
Centro,Carro
Centro,Ônibus
Centro,Carro
Centro,Bicicleta
Centro,Carro
Centro,Ônibus
Centro,Carro
Centro,Ônibus
Centro,Ônibus
Centro,Carro
Centro,Bicicleta
Centro,Ônibus
Centro,Bicicleta
Centro,Bicicleta
Centro,Ônibus
Centro,Bicicleta
Centro,Carro
Centro,Carro
Centro,Carro
Centro,Carro
Centro,Carro
Centro,Carro
Centro,Ônibus
Centro,Carro
Centro,Carro
Centro,Ônibus
Centro,Carro
Centro,Ônibus
Centro,Carro
Centro,Bicicleta
Centro,Ônibus
Centro,Carro
Centro,Carro
Centro,Ônibus
Centro,Ônibus
Centro,Ônibus
Centro,Ônibus
Centro,Carro
Centro,Carro
Centro,Carro
Centro,Bicicleta
Centro,Ônibus
Centro,Carro
Centro,Carro
Centro,Carro
Centro,Carro
Centro,Ônibus
Centro,Ônibus
Centro,Bicicleta
Centro,Ônibus
Centro,Carro
Centro,Ônibus
Centro,Ônibus
Centro,Ônibus
Centro,Ônibus
Centro,Ônibus
Centro,Ônibus
Centro,Carro
Centro,Carro
Centro,Carro
Centro,Carro
Centro,Ônibus
Centro,Carro
Centro,Ônibus
Centro,Bicicleta
Centro,Carro
Centro,Carro
Centro,Ônibus
Centro,Carro
Centro,Carro
Centro,Carro
Centro,Carro
Centro,Bicicleta
Centro,Ônibus
Centro,Ônibus
Centro,Bicicleta
Centro,Ônibus
Centro,Carro
Centro,Bicicleta
Centro,Ônibus
Centro,Ônibus
Centro,Bicicleta
Centro,Carro
Centro,Carro
Centro,Carro
Centro,Carro
Centro,Ônibus
Centro,Bicicleta
Centro,Carro
Centro,Ônibus
Centro,Carro
Centro,Carro
Centro,Carro
Centro,Carro
Centro,Bicicleta
Centro,Carro
Centro,Ônibus
Centro,Ônibus
Centro,Carro
Centro,Bicicleta
Centro,Bicicleta
Centro,Carro
Centro,Ônibus
Centro,Carro
Centro,Carro
Centro,Carro
Centro,Ônibus
Centro,Ônibus
Centro,Carro
Centro,Carro
Periferia,Bicicleta
Periferia,Ônibus
Periferia,Carro
Periferia,Ônibus
Periferia,Bicicleta
Periferia,Ônibus
Periferia,Ônibus
Periferia,Ônibus
Periferia,Ônibus
Periferia,Ônibus
Periferia,Ônibus
Periferia,Ônibus
Periferia,Ônibus
Periferia,Ônibus
Periferia,Carro
Periferia,Ônibus
Periferia,Ônibus
Periferia,Carro
Periferia,Carro
Periferia,Ônibus
Periferia,Ônibus
Periferia,Carro
Periferia,Ônibus
Periferia,Ônibus
Periferia,Ônibus
Periferia,Carro
Periferia,Ônibus
Periferia,Ônibus
Periferia,Bicicleta
Periferia,Carro
Periferia,Ônibus
Periferia,Carro
Periferia,Bicicleta
Periferia,Ônibus
Periferia,Ônibus
Periferia,Ônibus
Periferia,Ônibus
Periferia,Ônibus
Periferia,Ônibus
Periferia,Ônibus
Periferia,Carro
Periferia,Ônibus
Periferia,Bicicleta
Periferia,Ônibus
Periferia,Ônibus
Periferia,Ônibus
Periferia,Ônibus
Periferia,Ônibus
Periferia,Ônibus
Periferia,Ônibus
Periferia,Ônibus
Periferia,Carro
Periferia,Carro
Periferia,Ônibus
Periferia,Ônibus
Periferia,Carro
Periferia,Carro
Periferia,Ônibus
Periferia,Carro
Periferia,Carro
Periferia,Ônibus
Periferia,Ônibus
Periferia,Ônibus
Periferia,Ônibus
Periferia,Ônibus
Periferia,Ônibus
Periferia,Ônibus
Periferia,Ônibus
Periferia,Ônibus
Periferia,Ônibus
Periferia,Ônibus
Periferia,Ônibus
Periferia,Carro
Periferia,Ônibus
Periferia,Ônibus
Periferia,Ônibus
Periferia,Bicicleta
Periferia,Ônibus
Periferia,Ônibus
Periferia,Ônibus
Periferia,Ônibus
Periferia,Ônibus
Periferia,Ônibus
Periferia,Ônibus
Periferia,Carro
Periferia,Ônibus
Periferia,Ônibus
Periferia,Carro
Periferia,Ônibus
Periferia,Carro
Periferia,Bicicleta
Periferia,Bicicleta
Periferia,Bicicleta
Periferia,Ônibus
Periferia,Carro
Periferia,Bicicleta
Periferia,Ônibus
Periferia,Bicicleta
Periferia,Bicicleta
Periferia,Ônibus
Periferia,Ônibus
Periferia,Ônibus
Periferia,Ônibus
Periferia,Ônibus
Periferia,Carro
Periferia,Ônibus
Periferia,Bicicleta
Periferia,Ônibus
Periferia,Ônibus
Periferia,Carro
Periferia,Ônibus
Periferia,Bicicleta
Periferia,Carro
Periferia,Ônibus
Periferia,Ônibus
Periferia,Ônibus
Periferia,Ônibus
Periferia,Ônibus
Periferia,Ônibus
Periferia,Ônibus
Periferia,Ônibus
Periferia,Ônibus
Periferia,Ônibus
Periferia,Bicicleta
Periferia,Ônibus
Periferia,Ônibus
Periferia,Ônibus
Periferia,Ônibus
Periferia,Ônibus
Periferia,Ônibus
Periferia,Ônibus
Periferia,Ônibus
Periferia,Ônibus
Periferia,Carro
Periferia,Ônibus
Periferia,Carro
Periferia,Ônibus
Periferia,Ônibus
Periferia,Ônibus
Periferia,Ônibus
Periferia,Carro
Periferia,Carro
Periferia,Ônibus
Periferia,Ônibus
Periferia,Carro
Periferia,Ônibus
Periferia,Ônibus
Periferia,Ônibus
Periferia,Ônibus
Periferia,Carro
